来源,配置数量,最后更新时间
V_2rey,0,2025-07-29 01:13:18
V2ray_Alpha,0,2025-07-29 01:13:18
PROXY_MTM,0,2025-07-29 01:13:18
SiNABiGO,0,2025-07-29 01:13:18
v2rayng12023,0,2025-07-29 01:13:18
vlessconfig,0,2025-07-29 01:13:18
s/piazshekan,0,2025-07-29 01:13:18
Free_Internet_Iran,10,2025-07-29 01:13:18
ARv2ray,0,2025-07-29 01:13:18
VPNCUSTOMIZE,0,2025-07-29 01:13:18
UnlimitedDev,0,2025-07-29 01:13:18
MARAMBASHI,0,2025-07-29 01:13:18
PrivateVPNs,0,2025-07-29 01:13:18
client_proo,0,2025-07-29 01:13:18
nufilter,0,2025-07-29 01:13:18
icv2ray,0,2025-07-29 01:13:18
Vpn_Mikey,8,2025-07-29 01:13:18
v2rayngvpn,0,2025-07-29 01:13:18
kingspeedchanel,0,2025-07-29 01:13:18
VPN_Xpace,0,2025-07-29 01:13:18
SVNTEAM,6,2025-07-29 01:13:18
WPSNET,0,2025-07-29 01:13:18
filterkoshi,0,2025-07-29 01:13:18
MsV2ray,0,2025-07-29 01:13:18
msv2raynp,0,2025-07-29 01:13:18
Outline_Vpn,0,2025-07-29 01:13:18
outlineOpenKey,0,2025-07-29 01:13:18
v2rayng_org,0,2025-07-29 01:13:18
freeownvpn,0,2025-07-29 01:13:18
V_2rayngVpn,0,2025-07-29 01:13:18
VpnOrgSec,0,2025-07-29 01:13:18
v2ray_outlineir,0,2025-07-29 01:13:18
V2RAY_VMESS_free,12,2025-07-29 01:13:18
ShadowsocksM,0,2025-07-29 01:13:18
proxy_mtm,0,2025-07-29 01:13:18
ShadowSocks_s,0,2025-07-29 01:13:18
VmessProtocol,0,2025-07-29 01:13:18
FOX_VPN66,0,2025-07-29 01:13:18
Awlix_ir,78,2025-07-29 01:13:18
Configforvpn01,0,2025-07-29 01:13:18
vpn_ocean,0,2025-07-29 01:13:18
v2Line,0,2025-07-29 01:13:18
vpn_Nv1,0,2025-07-29 01:13:18
vmessiran,0,2025-07-29 01:13:18
vmessorg,0,2025-07-29 01:13:18
forwardv2ray,0,2025-07-29 01:13:18
polproxy,0,2025-07-29 01:13:18
IRN_VPN,0,2025-07-29 01:13:18
TVCminer,0,2025-07-29 01:13:18
ServerNett,0,2025-07-29 01:13:18
v2ray_swhil,0,2025-07-29 01:13:18
MrV2Ray,0,2025-07-29 01:13:18
Hope_Net,0,2025-07-29 01:13:18
MehradLearn,0,2025-07-29 01:13:18
lrnbymaa,0,2025-07-29 01:13:18
kingofilter,0,2025-07-29 01:13:18
Lockey_vpn,0,2025-07-29 01:13:18
oneclickvpnkeys,0,2025-07-29 01:13:18
eliya_chiter0,0,2025-07-29 01:13:18
Qv2rayDONATED,0,2025-07-29 01:13:18
Shh_Proxy,0,2025-07-29 01:13:18
v2raycollector,0,2025-07-29 01:13:18
DarkTeam_VPN,0,2025-07-29 01:13:18
kiavak,0,2025-07-29 01:13:18
proxxymeliii,0,2025-07-29 01:13:18
flyv2ray,0,2025-07-29 01:13:18
nofiltering2,0,2025-07-29 01:13:18
mehrosaboran,0,2025-07-29 01:13:18
Capital_NET,0,2025-07-29 01:13:18
ShadowProxy66,0,2025-07-29 01:13:18
v2rayNG_Matsuri,0,2025-07-29 01:13:18
DailyV2RY,0,2025-07-29 01:13:18
IBV2RAY,0,2025-07-29 01:13:18
DirectVPN,0,2025-07-29 01:13:18
lightning6,0,2025-07-29 01:13:18
SafeNet_Server,0,2025-07-29 01:13:18
EuServer,0,2025-07-29 01:13:18
V2rayCollectorDonate,0,2025-07-29 01:13:18
mftizi,0,2025-07-29 01:13:18
v2logy,0,2025-07-29 01:13:18
V2pedia,0,2025-07-29 01:13:18
v2rayng_vpnrog,0,2025-07-29 01:13:18
VlessConfig,0,2025-07-29 01:13:18
mfbp1,0,2025-07-29 01:13:18
jiedian_share,0,2025-07-29 01:13:18
MTProto_666,2,2025-07-29 01:13:18
v2rayPort,12,2025-07-29 01:13:18
v2rayyNGvpn,0,2025-07-29 01:13:18
meli_proxyy,0,2025-07-29 01:13:18
FreeV2rays,0,2025-07-29 01:13:18
freeV2rayi,0,2025-07-29 01:13:18
ProxyV2rayNG1,0,2025-07-29 01:13:18
freeVPNjd,0,2025-07-29 01:13:18
yzdspeed,0,2025-07-29 01:13:18
hkaa0,0,2025-07-29 01:13:18
ShareCentrePro,0,2025-07-29 01:13:18
dingyue_Center,0,2025-07-29 01:13:18
aifenxiang2020,0,2025-07-29 01:13:18
yaney_01,0,2025-07-29 01:13:18
mfjdpd,0,2025-07-29 01:13:18
wxdy666,0,2025-07-29 01:13:18
dns68,0,2025-07-29 01:13:18
kxswa,0,2025-07-29 01:13:18
go4sharing,0,2025-07-29 01:13:18
baipiaoqun,0,2025-07-29 01:13:18
freekankan,0,2025-07-29 01:13:18
freebaipiao,0,2025-07-29 01:13:18
juzibaipiao,0,2025-07-29 01:13:18
Alpha_V2rays,0,2025-07-29 01:13:18
Polproxy,0,2025-07-29 01:13:18
ConfigsHUB,0,2025-07-29 01:13:18
vmess_vless_v2rayng,0,2025-07-29 01:13:18
FalconPolV2rayNG,0,2025-07-29 01:13:18
prrofile_purple,0,2025-07-29 01:13:18
liq_VPN,0,2025-07-29 01:13:18
LiquidProxy,0,2025-07-29 01:13:18
Digiv2ray,9,2025-07-29 01:13:18
DigiV2ray23,18,2025-07-29 01:13:18
bypass_filter,0,2025-07-29 01:13:18
RxV2ray,20,2025-07-29 01:13:18
frev2ray,0,2025-07-29 01:13:18
melov2ray,0,2025-07-29 01:13:18
shopingv2ray,0,2025-07-29 01:13:18
Parsashonam,0,2025-07-29 01:13:18
ProxyForOpeta,0,2025-07-29 01:13:18
shh_proxy,0,2025-07-29 01:13:18
customv2ray,0,2025-07-29 01:13:18
proxyymeliii,0,2025-07-29 01:13:18
Outlinev2rayNG,0,2025-07-29 01:13:18
proxystore11,0,2025-07-29 01:13:18
proxy_kafee,0,2025-07-29 01:13:18
HELIX_Servers,0,2025-07-29 01:13:18
free_v2rayyy,0,2025-07-29 01:13:18
fnet00,0,2025-07-29 01:13:18
v2pedia,0,2025-07-29 01:13:18
servermomo,0,2025-07-29 01:13:18
XsV2ray,0,2025-07-29 01:13:18
v2_team,0,2025-07-29 01:13:18
FreakConfig,0,2025-07-29 01:13:18
free4allVPN,0,2025-07-29 01:13:18
V2rayngninja,8,2025-07-29 01:13:18
VPNGate_Channel,0,2025-07-29 01:13:18
bright_vpn,0,2025-07-29 01:13:18
MTConfig,0,2025-07-29 01:13:18
daredevill_404,0,2025-07-29 01:13:18
Vpn_Tehran,0,2025-07-29 01:13:18
V2rayNgMat,0,2025-07-29 01:13:18
Lockey_VPN,19,2025-07-29 01:13:18
hopev2ray,0,2025-07-29 01:13:18
vless_new,0,2025-07-29 01:13:18
vpn_ioss,0,2025-07-29 01:13:18
V2ray1_Ng,10,2025-07-29 01:13:18
Funza,0,2025-07-29 01:13:18
V2RayTz,0,2025-07-29 01:13:18
V2rayng_Fast,0,2025-07-29 01:13:18
fastvpnorummobile,6,2025-07-29 01:13:18
v2_fast,15,2025-07-29 01:13:18
SaveProxy,0,2025-07-29 01:13:18
V2rayNGmat,0,2025-07-29 01:13:18
azadi_az_inja_migzare,0,2025-07-29 01:13:18
v2ray_vpn_ir,0,2025-07-29 01:13:18
BestV2rang,0,2025-07-29 01:13:18
Awlix_V2RAY,0,2025-07-29 01:13:18
reality_daily,0,2025-07-29 01:13:18
DeamNet_Proxy,0,2025-07-29 01:13:18
vpn_go67,0,2025-07-29 01:13:18
mahvarehnewssat,0,2025-07-29 01:13:18
sinabigo,0,2025-07-29 01:13:18
FAKEOFTVC,0,2025-07-29 01:13:18
rxv2ray,0,2025-07-29 01:13:18
Helix_Servers,0,2025-07-29 01:13:18
EUT_VPN,0,2025-07-29 01:13:18
vless_vmess,0,2025-07-29 01:13:18
GozargahVPN,0,2025-07-29 01:13:18
V2rayCollector,0,2025-07-29 01:13:18
v2rayng_config_amin,0,2025-07-29 01:13:18
VPNCLOP,0,2025-07-29 01:13:18
VpnFreeSec,0,2025-07-29 01:13:18
freeconfigv2,0,2025-07-29 01:13:18
hcv2ray,0,2025-07-29 01:13:18
NIM_VPN_ir,0,2025-07-29 01:13:18
V2parsin,0,2025-07-29 01:13:18
EliV2ray,0,2025-07-29 01:13:18
DigiV2ray,0,2025-07-29 01:13:18
V2rayNGn,0,2025-07-29 01:13:18
CUSTOMVPNSERVER,0,2025-07-29 01:13:18
Proxy_PJ,0,2025-07-29 01:13:18
Capoit,0,2025-07-29 01:13:18
Cov2ray,0,2025-07-29 01:13:18
kiava,0,2025-07-29 01:13:18
DeamNet_proxy,0,2025-07-29 01:13:18
DeamNet,0,2025-07-29 01:13:18
GiveVPN,0,2025-07-29 01:13:18
vpnhat,0,2025-07-29 01:13:18
AzadNet,0,2025-07-29 01:13:18
fsghdhr,0,2025-07-29 01:13:18
Alfred_Config,0,2025-07-29 01:13:18
Baraye_azadi_Info,0,2025-07-29 01:13:18
BmFt1,0,2025-07-29 01:13:18
CloudCityy,0,2025-07-29 01:13:18
ConfigV2rayNG,0,2025-07-29 01:13:18
ConfigsHUB2,0,2025-07-29 01:13:18
Easy_Free_VPN,0,2025-07-29 01:13:18
Eleven_vpn,0,2025-07-29 01:13:18
EzNett,0,2025-07-29 01:13:18
FOXNT,0,2025-07-29 01:13:18
FProxies,0,2025-07-29 01:13:18
Free166,0,2025-07-29 01:13:18
FreeVlessVpn,0,2025-07-29 01:13:18
Free_HTTPCustom,0,2025-07-29 01:13:18
IRANVPNNET,0,2025-07-29 01:13:18
JiedianSsr,0,2025-07-29 01:13:18
Jsnzk,0,2025-07-29 01:13:18
Napsternetvirani,0,2025-07-29 01:13:18
NetAccount,0,2025-07-29 01:13:18
OKAB3_Script_Channel,0,2025-07-29 01:13:18
OutlineVpnOfficial,0,2025-07-29 01:13:18
Powerful1VPN,0,2025-07-29 01:13:18
ProxyFn,0,2025-07-29 01:13:18
Qv2raychannel,0,2025-07-29 01:13:18
SSRSUB,0,2025-07-29 01:13:18
ShadowsocksRssr,0,2025-07-29 01:13:18
ShareCentre,0,2025-07-29 01:13:18
TGxChina,0,2025-07-29 01:13:18
TLS_v2ray,0,2025-07-29 01:13:18
V2Ray_FreedomIran,0,2025-07-29 01:13:18
V2rayNG3,0,2025-07-29 01:13:18
ViPVpn_v2ray,0,2025-07-29 01:13:18
WeePeeN,0,2025-07-29 01:13:18
WomanLifeFreedomVPN,0,2025-07-29 01:13:18
YtTe3la,0,2025-07-29 01:13:18
ZDYZ2,0,2025-07-29 01:13:18
abra_vpn,0,2025-07-29 01:13:18
academi_vpn,0,2025-07-29 01:13:18
accountplanetir,0,2025-07-29 01:13:18
adamak_vpn,0,2025-07-29 01:13:18
afv2ray,0,2025-07-29 01:13:18
ahe_vpn,0,2025-07-29 01:13:18
ailumao,0,2025-07-29 01:13:18
airproxies,0,2025-07-29 01:13:18
aiuvpn,0,2025-07-29 01:13:18
alfred_config,0,2025-07-29 01:13:18
alienvpn402,0,2025-07-29 01:13:18
alismartvpn,0,2025-07-29 01:13:18
aliyosgraphy,0,2025-07-29 01:13:18
allporter,0,2025-07-29 01:13:18
alo_v2rayng,0,2025-07-29 01:13:18
alpha_v2ray_fazayi,0,2025-07-29 01:13:18
alphaomegavpn,0,2025-07-29 01:13:18
alsheykhvpn,0,2025-07-29 01:13:18
amir_rooman,0,2025-07-29 01:13:18
amirinventor2010,0,2025-07-29 01:13:18
amironetwork,0,2025-07-29 01:13:18
an0nymousteam,0,2025-07-29 01:13:18
android_best,0,2025-07-29 01:13:18
angus_vpn,0,2025-07-29 01:13:18
angus_vpn3,0,2025-07-29 01:13:18
anix_v2ray,0,2025-07-29 01:13:18
antifilterjadid,0,2025-07-29 01:13:18
antifilterjadid3,0,2025-07-29 01:13:18
antifilterservice,0,2025-07-29 01:13:18
apkgold,0,2025-07-29 01:13:18
apkprogramming,0,2025-07-29 01:13:18
app_jiedian,0,2025-07-29 01:13:18
apple_x1,0,2025-07-29 01:13:18
appsooner,0,2025-07-29 01:13:18
archive_android,0,2025-07-29 01:13:18
argooo_vpn,0,2025-07-29 01:13:18
aries_init,0,2025-07-29 01:13:18
armod_iran,0,2025-07-29 01:13:18
arouxping,0,2025-07-29 01:13:18
artemis_vpn_free,0,2025-07-29 01:13:18
artemisvpn1,0,2025-07-29 01:13:18
arv2ra,0,2025-07-29 01:13:18
arv2ray,0,2025-07-29 01:13:18
asak_vpn,0,2025-07-29 01:13:18
asgard_config,0,2025-07-29 01:13:18
asintech,0,2025-07-29 01:13:18
asjdxm,0,2025-07-29 01:13:18
asliveepn,0,2025-07-29 01:13:18
asr_proxy,0,2025-07-29 01:13:18
astrovpn_ir,0,2025-07-29 01:13:18
astrovpn_official,0,2025-07-29 01:13:18
av2drup,0,2025-07-29 01:13:18
axv2ray,0,2025-07-29 01:13:18
azad_intrnet,0,2025-07-29 01:13:18
azadneit,0,2025-07-29 01:13:18
badsha_mohammad,0,2025-07-29 01:13:18
baipiao01,0,2025-07-29 01:13:18
baipiaob,0,2025-07-29 01:13:18
baipiaojiedian,0,2025-07-29 01:13:18
bakvpns,0,2025-07-29 01:13:18
bamboo_vpn,0,2025-07-29 01:13:18
bargovpn,0,2025-07-29 01:13:18
bemolatext,0,2025-07-29 01:13:18
berice_v2,0,2025-07-29 01:13:18
bestvpn4030,0,2025-07-29 01:13:18
betv2ray,0,2025-07-29 01:13:18
bigsmoke_config,0,2025-07-29 01:13:18
bimnetvpn,0,2025-07-29 01:13:18
birdserver,0,2025-07-29 01:13:18
bitnetvpn,0,2025-07-29 01:13:18
black8rose,0,2025-07-29 01:13:18
blueberrynetwork,0,2025-07-29 01:13:18
bluev2rayng,0,2025-07-29 01:13:18
bluevpn_v2ray,0,2025-07-29 01:13:18
bolbolvpn,0,2025-07-29 01:13:18
bored_vpn,0,2025-07-29 01:13:18
bpjzx2,0,2025-07-29 01:13:18
buffalo_vpn,0,2025-07-29 01:13:18
bug_vpn,0,2025-07-29 01:13:18
caa_chanel,0,2025-07-29 01:13:18
caa_v2ray,0,2025-07-29 01:13:18
canguro_english,0,2025-07-29 01:13:18
capital_net,0,2025-07-29 01:13:18
capoit,0,2025-07-29 01:13:18
castom_v2ray,0,2025-07-29 01:13:18
catvpns,0,2025-07-29 01:13:18
cav2ray,0,2025-07-29 01:13:18
cephalon_ala,0,2025-07-29 01:13:18
ch_a2l,0,2025-07-29 01:13:18
chanel_config,0,2025-07-29 01:13:18
changfengchannel,0,2025-07-29 01:13:18
chatbuzzteam,0,2025-07-29 01:13:18
circle_vpn,0,2025-07-29 01:13:18
cisco_acc,0,2025-07-29 01:13:18
click_vpnn,0,2025-07-29 01:13:18
cloudcityy,0,2025-07-29 01:13:18
club_vpn9,0,2025-07-29 01:13:18
clubvpn443,0,2025-07-29 01:13:18
cnfg_v2ray,0,2025-07-29 01:13:18
cnfings,0,2025-07-29 01:13:18
cod_arshiya0,0,2025-07-29 01:13:18
configV2rayForFree,0,2025-07-29 01:13:18
configV2rayNG,0,2025-07-29 01:13:18
config_station,0,2025-07-29 01:13:18
configforvpn,0,2025-07-29 01:13:18
configforvpn01,0,2025-07-29 01:13:18
configms,0,2025-07-29 01:13:18
configpluse,0,2025-07-29 01:13:18
configpositive,0,2025-07-29 01:13:18
configscenter,0,2025-07-29 01:13:18
configshub2,0,2025-07-29 01:13:18
configsstore,0,2025-07-29 01:13:18
configt,0,2025-07-29 01:13:18
configv2rayforfree,0,2025-07-29 01:13:18
configv2rayng,0,2025-07-29 01:13:18
confing_costume,0,2025-07-29 01:13:18
confing_problems,0,2025-07-29 01:13:18
confingv2raayng,0,2025-07-29 01:13:18
connectix,0,2025-07-29 01:13:18
cpuvpn,0,2025-07-29 01:13:18
croownvpn,0,2025-07-29 01:13:18
custom_14,0,2025-07-29 01:13:18
custom_config,0,2025-07-29 01:13:18
customizev2ray,0,2025-07-29 01:13:18
customvpnserver,0,2025-07-29 01:13:18
dailyv2ray,0,2025-07-29 01:13:18
dailyv2ry,0,2025-07-29 01:13:18
damonconfig,0,2025-07-29 01:13:18
dark_telecom,0,2025-07-29 01:13:18
darkma3ter24,0,2025-07-29 01:13:18
darknightvpn,0,2025-07-29 01:13:18
darksectora,0,2025-07-29 01:13:18
darktunnelvip1,0,2025-07-29 01:13:18
daryaye_sorkhh,0,2025-07-29 01:13:18
dataworld_ir,0,2025-07-29 01:13:18
dav2ray,0,2025-07-29 01:13:18
deli_servers,0,2025-07-29 01:13:18
deragv2ray,0,2025-07-29 01:13:18
diamondproxytm,0,2025-07-29 01:13:18
digigard_vpn,0,2025-07-29 01:13:18
digiv2ray,0,2025-07-29 01:13:18
directvpn,0,2025-07-29 01:13:18
disvpn,0,2025-07-29 01:13:18
donald_config,0,2025-07-29 01:13:18
dr_v2ray,0,2025-07-29 01:13:18
dribble7,0,2025-07-29 01:13:18
eaglevps,0,2025-07-29 01:13:18
easy_free_vpn,0,2025-07-29 01:13:18
editorvpn,0,2025-07-29 01:13:18
ehsawn8,0,2025-07-29 01:13:18
eiiim,0,2025-07-29 01:13:18
elitevpnv2,0,2025-07-29 01:13:18
eliv2ray,0,2025-07-29 01:13:18
energybigger_1,0,2025-07-29 01:13:18
esetsecuritylicense,0,2025-07-29 01:13:18
euserver,0,2025-07-29 01:13:18
ev2rayy,0,2025-07-29 01:13:18
evay_vpn,0,2025-07-29 01:13:18
everyday_vpn,0,2025-07-29 01:13:18
expreset,0,2025-07-29 01:13:18
express_v2ray,0,2025-07-29 01:13:18
expresspace,0,2025-07-29 01:13:18
expressvpn_420,0,2025-07-29 01:13:18
falconpolv2rayng,0,2025-07-29 01:13:18
falcunargo,0,2025-07-29 01:13:18
farahvpn,0,2025-07-29 01:13:18
fasst_vpn,0,2025-07-29 01:13:18
fast_2ray,0,2025-07-29 01:13:18
fastfilterr,0,2025-07-29 01:13:18
fastgozar,0,2025-07-29 01:13:18
fazevpn,0,2025-07-29 01:13:18
feri_v2ray_proxy,0,2025-07-29 01:13:18
fffffx2,0,2025-07-29 01:13:18
filter_vpn2,0,2025-07-29 01:13:18
filterintl,0,2025-07-29 01:13:18
filteroghortbede,0,2025-07-29 01:13:18
filtershekan_channel,0,2025-07-29 01:13:18
filtershekanssh1,0,2025-07-29 01:13:18
filterzapata,0,2025-07-29 01:13:18
fire_vpn_channel,0,2025-07-29 01:13:18
firewallvpn,0,2025-07-29 01:13:18
fix_proxy,0,2025-07-29 01:13:18
flash_proxies,0,2025-07-29 01:13:18
flystoreir,0,2025-07-29 01:13:18
foxnt,0,2025-07-29 01:13:18
frav2ray,0,2025-07-29 01:13:18
freakconfig,0,2025-07-29 01:13:18
free4allvpn,0,2025-07-29 01:13:18
free_httpcustom,0,2025-07-29 01:13:18
free_proxy_001,0,2025-07-29 01:13:18
free_shekan,0,2025-07-29 01:13:18
free_v2,0,2025-07-29 01:13:18
free_vpn02,0,2025-07-29 01:13:18
free_worlld,0,2025-07-29 01:13:18
freeconfing,0,2025-07-29 01:13:18
freeinir,0,2025-07-29 01:13:18
freeiranet,0,2025-07-29 01:13:18
freeiranweb,0,2025-07-29 01:13:18
freeland8,0,2025-07-29 01:13:18
freenapsternetv,0,2025-07-29 01:13:18
freenet_for_everyone,0,2025-07-29 01:13:18
freenetpro99,0,2025-07-29 01:13:18
freeshadowsock,0,2025-07-29 01:13:18
freestrongvpn,0,2025-07-29 01:13:18
freev2flyng,0,2025-07-29 01:13:18
freev2rayi,0,2025-07-29 01:13:18
freev2raym,0,2025-07-29 01:13:18
freev2rays,0,2025-07-29 01:13:18
freev2rayssr,0,2025-07-29 01:13:18
freevlessvpn,0,2025-07-29 01:13:18
freevpn3327,0,2025-07-29 01:13:18
freevpnchina,0,2025-07-29 01:13:18
freevpnhomesconfigs,0,2025-07-29 01:13:18
frev2rayng,0,2025-07-29 01:13:18
fsv2ray,0,2025-07-29 01:13:18
funix_shope,0,2025-07-29 01:13:18
fv2ray,0,2025-07-29 01:13:18
game_file2020,0,2025-07-29 01:13:18
gh_v2rayng,0,2025-07-29 01:13:18
ghalagyann,0,2025-07-29 01:13:18
ghalagyann2,0,2025-07-29 01:13:18
global_net_vpn,0,2025-07-29 01:13:18
goldd_v2ray,0,2025-07-29 01:13:18
golestan_vpn,0,2025-07-29 01:13:18
golf_vpn,0,2025-07-29 01:13:18
good_v2rayy,0,2025-07-29 01:13:18
gozargahvpn,0,2025-07-29 01:13:18
gp_proxy_vpn,0,2025-07-29 01:13:18
grizzlyvpn,0,2025-07-29 01:13:18
gulaiguq_baipiao2,0,2025-07-29 01:13:18
hajimamadvpn,0,2025-07-29 01:13:18
hajvpn,0,2025-07-29 01:13:18
hatunnel_vpn,0,2025-07-29 01:13:18
heinuhome,0,2025-07-29 01:13:18
helix_servers,0,2025-07-29 01:13:18
hennessypro,0,2025-07-29 01:13:18
hermanosvpn,0,2025-07-29 01:13:18
hhi_vpn222,0,2025-07-29 01:13:18
hilynet,0,2025-07-29 01:13:18
holderproxy,0,2025-07-29 01:13:18
hologate6,0,2025-07-29 01:13:18
hooshang_vpn1,0,2025-07-29 01:13:18
hope_net,0,2025-07-29 01:13:18
hopevpn,0,2025-07-29 01:13:18
hosseinstore_za,0,2025-07-29 01:13:18
hpv2ray_official,0,2025-07-29 01:13:18
hpv2rayng,0,2025-07-29 01:13:18
hypervpn6,0,2025-07-29 01:13:18
hypervpns,0,2025-07-29 01:13:18
i3v2ray,0,2025-07-29 01:13:18
ibv2ray,0,2025-07-29 01:13:18
icloudyshop,0,2025-07-29 01:13:18
icocoon,0,2025-07-29 01:13:18
igrsdet,0,2025-07-29 01:13:18
internet4iran,0,2025-07-29 01:13:18
internet_nor,0,2025-07-29 01:13:18
iosfulishare,0,2025-07-29 01:13:18
ipV2Ray,0,2025-07-29 01:13:18
ip_cf_config,0,2025-07-29 01:13:18
iphonebax,0,2025-07-29 01:13:18
ipv2ray,0,2025-07-29 01:13:18
ipv2rayng,0,2025-07-29 01:13:18
ir_config_an,0,2025-07-29 01:13:18
ir_nekobox,0,2025-07-29 01:13:18
iran_access,0,2025-07-29 01:13:18
iran_v2ray1,0,2025-07-29 01:13:18
iranbaxvpn,0,2025-07-29 01:13:18
iranbfilter,0,2025-07-29 01:13:18
iraniv2ray,0,2025-07-29 01:13:18
iranmedicalvpn,0,2025-07-29 01:13:18
iranproxypro,0,2025-07-29 01:13:18
iranray_vpn,0,2025-07-29 01:13:18
iranv2raynng,0,2025-07-29 01:13:18
iranvipnet,0,2025-07-29 01:13:18
iranvpnnet,0,2025-07-29 01:13:18
irn_vpn,0,2025-07-29 01:13:18
irnhackers,0,2025-07-29 01:13:18
iroazadi,0,2025-07-29 01:13:18
irov2rayn,0,2025-07-29 01:13:18
irvpnify,0,2025-07-29 01:13:18
iunsw,0,2025-07-29 01:13:18
jcvpn,0,2025-07-29 01:13:18
jetupnet,0,2025-07-29 01:13:18
jiedian24,0,2025-07-29 01:13:18
jiedianf,0,2025-07-29 01:13:18
jiedianssr,0,2025-07-29 01:13:18
jiujied,0,2025-07-29 01:13:18
jokersfantastichome,0,2025-07-29 01:13:18
jokerv2ray,0,2025-07-29 01:13:18
justkingoo,0,2025-07-29 01:13:18
kafing_2,0,2025-07-29 01:13:18
kesslervpn,0,2025-07-29 01:13:18
khadamat_sadra,0,2025-07-29 01:13:18
khalaa_vpn,0,2025-07-29 01:13:18
kilid_stor,0,2025-07-29 01:13:18
kingoclubs,0,2025-07-29 01:13:18
kingofv2ray,0,2025-07-29 01:13:18
kralvpn,0,2025-07-29 01:13:18
kurd_v2ray,0,2025-07-29 01:13:18
kurdistan_vpn_perfectt,0,2025-07-29 01:13:18
kurdvpn1,0,2025-07-29 01:13:18
kuto_proxy,0,2025-07-29 01:13:18
kuto_proxy1,0,2025-07-29 01:13:18
kuto_proxy2,0,2025-07-29 01:13:18
lakvpn1,0,2025-07-29 01:13:18
lax_vpn,0,2025-07-29 01:13:18
legendery_server,0,2025-07-29 01:13:18
lepingshop,0,2025-07-29 01:13:18
lepingvpn,0,2025-07-29 01:13:18
lexa_vpn,0,2025-07-29 01:13:18
lightv2ray,0,2025-07-29 01:13:18
likearzonpanell,0,2025-07-29 01:13:18
limootuursh,0,2025-07-29 01:13:18
lion_channel_vpn2,0,2025-07-29 01:13:18
liq_vpn,0,2025-07-29 01:13:18
lockey_vpn,0,2025-07-29 01:13:18
ltscxk,0,2025-07-29 01:13:18
m_buy,0,2025-07-29 01:13:18
m_vipv2ray,0,2025-07-29 01:13:18
mahanvpn,0,2025-07-29 01:13:18
mahdiserver,0,2025-07-29 01:13:18
mahxray,0,2025-07-29 01:13:18
mainv2ray,0,2025-07-29 01:13:18
marketvpni,0,2025-07-29 01:13:18
mater_1345,0,2025-07-29 01:13:18
matrixnetvvork,0,2025-07-29 01:13:18
maxshare,0,2025-07-29 01:13:18
maznet,0,2025-07-29 01:13:18
mdvpnsec,0,2025-07-29 01:13:18
meli_prooxy,0,2025-07-29 01:13:18
meli_v2rayng,0,2025-07-29 01:13:18
mester_v2ray,0,2025-07-29 01:13:18
mi_pn_official,0,2025-07-29 01:13:18
miaomua,0,2025-07-29 01:13:18
migping,0,2025-07-29 01:13:18
mikasavpn,0,2025-07-29 01:13:18
mimitdl,0,2025-07-29 01:13:18
miyanbor_vpn,0,2025-07-29 01:13:18
mizbanv2ray,0,2025-07-29 01:13:18
mobilinternet,0,2025-07-29 01:13:18
mobsec,0,2025-07-29 01:13:18
moein_insta,0,2025-07-29 01:13:18
moft_vpn,0,2025-07-29 01:13:18
moftinet,0,2025-07-29 01:13:18
mr_vpn123,0,2025-07-29 01:13:18
mrv2raay,0,2025-07-29 01:13:18
mrv2ray,0,2025-07-29 01:13:18
mrvpn1403,0,2025-07-29 01:13:18
mso_666_baz,0,2025-07-29 01:13:18
msv2flyng,0,2025-07-29 01:13:18
msv2ray,0,2025-07-29 01:13:18
mt_team_iran,0,2025-07-29 01:13:18
mtconfig,0,2025-07-29 01:13:18
mtpproxy0098,0,2025-07-29 01:13:18
mtproxy22_v2ray,0,2025-07-29 01:13:18
mtpv2ray,0,2025-07-29 01:13:18
murandepindao,0,2025-07-29 01:13:18
mxv2ray,0,2025-07-29 01:13:18
my_proxii,0,2025-07-29 01:13:18
n2vpn,0,2025-07-29 01:13:18
nameless255,0,2025-07-29 01:13:18
napsternetvirani,0,2025-07-29 01:13:18
nepo_v2ray,0,2025-07-29 01:13:18
netaccount,0,2025-07-29 01:13:18
netmaask,0,2025-07-29 01:13:18
netmellianti,0,2025-07-29 01:13:18
netspeedservice,0,2025-07-29 01:13:18
network_cfz,0,2025-07-29 01:13:18
networknim,0,2025-07-29 01:13:18
new_mtproxi2,0,2025-07-29 01:13:18
nicolv2ray,0,2025-07-29 01:13:18
nim_vpn_ir,0,2025-07-29 01:13:18
nitrovpne,0,2025-07-29 01:13:18
nofilter_v2rayng,0,2025-07-29 01:13:18
noori_93,0,2025-07-29 01:13:18
nordaccount1,0,2025-07-29 01:13:18
novavpn1984,0,2025-07-29 01:13:18
novinology,0,2025-07-29 01:13:18
npv_v2ray,0,2025-07-29 01:13:18
nt_safe,0,2025-07-29 01:13:18
ntconfig,0,2025-07-29 01:13:18
nufilter2,0,2025-07-29 01:13:18
oceanproo,0,2025-07-29 01:13:18
ohvpn,0,2025-07-29 01:13:18
onessr,0,2025-07-29 01:13:18
optvpn,0,2025-07-29 01:13:18
orb_daily,0,2025-07-29 01:13:18
orb_irancell,0,2025-07-29 01:13:18
orb_mci,0,2025-07-29 01:13:18
orb_rightel,0,2025-07-29 01:13:18
orb_vpn,0,2025-07-29 01:13:18
outline_ir,0,2025-07-29 01:13:18
outline_oneclick1,0,2025-07-29 01:13:18
outline_vpn,0,2025-07-29 01:13:18
outlineiran,0,2025-07-29 01:13:18
outlinev2rayng,0,2025-07-29 01:13:18
outlinevpnofficial,0,2025-07-29 01:13:18
ovpn2,0,2025-07-29 01:13:18
oxidvip,0,2025-07-29 01:13:18
oxir_vpn,0,2025-07-29 01:13:18
oxnet_ir,0,2025-07-29 01:13:18
pak4you,0,2025-07-29 01:13:18
pardazeshvpn,0,2025-07-29 01:13:18
parsashonam,0,2025-07-29 01:13:18
payam_nsi,0,2025-07-29 01:13:18
persian_proxy6,0,2025-07-29 01:13:18
persianv2rayng,0,2025-07-29 01:13:18
ph_onex,0,2025-07-29 01:13:18
phiilshekn,0,2025-07-29 01:13:18
piavpngo,0,2025-07-29 01:13:18
pin_proxy,0,2025-07-29 01:13:18
ping01pro,0,2025-07-29 01:13:18
ponv2ray,0,2025-07-29 01:13:18
pov2ray,0,2025-07-29 01:13:18
powerful1vpn,0,2025-07-29 01:13:18
ppal03,0,2025-07-29 01:13:18
premiumaccshoop,0,2025-07-29 01:13:18
prim_vpn,0,2025-07-29 01:13:18
private_access_guard_vpn,0,2025-07-29 01:13:18
privatevpnn,0,2025-07-29 01:13:18
privatevpns,0,2025-07-29 01:13:18
pro_chaneel,0,2025-07-29 01:13:18
programmer_best,0,2025-07-29 01:13:18
proprojec,0,2025-07-29 01:13:18
proxie,0,2025-07-29 01:13:18
proxiiraniii,0,2025-07-29 01:13:18
proxiteiegramm,0,2025-07-29 01:13:18
proxy48,0,2025-07-29 01:13:18
proxy_iranv2,0,2025-07-29 01:13:18
proxy_mtproto_vpns_free,0,2025-07-29 01:13:18
proxy_n1,0,2025-07-29 01:13:18
proxy_speed,0,2025-07-29 01:13:18
proxycityiran,0,2025-07-29 01:13:18
proxydaemioutline,0,2025-07-29 01:13:18
proxyfn,0,2025-07-29 01:13:18
proxyforopeta,0,2025-07-29 01:13:18
proxyirancel,0,2025-07-29 01:13:18
proxysudo,0,2025-07-29 01:13:18
public504,0,2025-07-29 01:13:18
puni_shop_v2rayng,0,2025-07-29 01:13:18
pydriclub,0,2025-07-29 01:13:18
qeshmserver,0,2025-07-29 01:13:18
qrv2ray,0,2025-07-29 01:13:18
qv2raychannel,0,2025-07-29 01:13:18
qwjhfx,0,2025-07-29 01:13:18
radiofarex,0,2025-07-29 01:13:18
rayanconf,0,2025-07-29 01:13:18
raze_vpn,0,2025-07-29 01:13:18
realvpnmaster,0,2025-07-29 01:13:18
relaxv2ray,0,2025-07-29 01:13:18
renetvpn,0,2025-07-29 01:13:18
repairms,0,2025-07-29 01:13:18
rez1vpn,0,2025-07-29 01:13:18
rk_filtershekan,0,2025-07-29 01:13:18
rk_filtershking,0,2025-07-29 01:13:18
rnrifci,0,2025-07-29 01:13:18
romax_vpn,0,2025-07-29 01:13:18
royalping_ir,0,2025-07-29 01:13:18
s0013_Official,0,2025-07-29 01:13:18
s0013_official,0,2025-07-29 01:13:18
sabz_v2ray,0,2025-07-29 01:13:18
saferoadnet,0,2025-07-29 01:13:18
sajad_titan_s_t_n_v2ray,0,2025-07-29 01:13:18
samiv2ray,0,2025-07-29 01:13:18
satellitenewspersian,0,2025-07-29 01:13:18
satoshivpn,0,2025-07-29 01:13:18
savagev2ray,0,2025-07-29 01:13:18
sayco_proxy,0,2025-07-29 01:13:18
selinc,0,2025-07-29 01:13:18
sellvpniran1,0,2025-07-29 01:13:18
server444,0,2025-07-29 01:13:18
server_nekobox,0,2025-07-29 01:13:18
servernett,0,2025-07-29 01:13:18
serversiran11,0,2025-07-29 01:13:18
serverv2ray00,0,2025-07-29 01:13:18
set_v2ray,0,2025-07-29 01:13:18
seven_ping,0,2025-07-29 01:13:18
shadow_v2ray,0,2025-07-29 01:13:18
shadowproxy66,0,2025-07-29 01:13:18
shadowsockskeys,0,2025-07-29 01:13:18
shadowsocksm,0,2025-07-29 01:13:18
shadowsocksshop,0,2025-07-29 01:13:18
share_nodes,0,2025-07-29 01:13:18
sharecentrepro,0,2025-07-29 01:13:18
shconfig,0,2025-07-29 01:13:18
sitefilter,0,2025-07-29 01:13:18
skivpn,0,2025-07-29 01:13:18
snowguardvpn,0,2025-07-29 01:13:18
sobi_vpn,0,2025-07-29 01:13:18
sockcs_http,0,2025-07-29 01:13:18
sockshttp_vpn,0,2025-07-29 01:13:18
sourcefreefilter,0,2025-07-29 01:13:18
spcware,0,2025-07-29 01:13:18
speed_vpn70,0,2025-07-29 01:13:18
speedconfig00,0,2025-07-29 01:13:18
speedent_net,0,2025-07-29 01:13:18
spikevpn,0,2025-07-29 01:13:18
srcvpn,0,2025-07-29 01:13:18
ssrList,0,2025-07-29 01:13:18
ssrshares,0,2025-07-29 01:13:18
suddaehi,0,2025-07-29 01:13:18
superpinghub,0,2025-07-29 01:13:18
svnteam,0,2025-07-29 01:13:18
tc_v2ray,0,2025-07-29 01:13:18
teamvpnpro,0,2025-07-29 01:13:18
tehranargo,0,2025-07-29 01:13:18
tehranargo1,0,2025-07-29 01:13:18
teiknovpn,0,2025-07-29 01:13:18
telmavpn,0,2025-07-29 01:13:18
tenzovpn,0,2025-07-29 01:13:18
thunderv2ray,0,2025-07-29 01:13:18
tiktok_proxy,0,2025-07-29 01:13:18
timingvpn,0,2025-07-29 01:13:18
tiny_vpn_official,0,2025-07-29 01:13:18
titan_v2rayvpn,0,2025-07-29 01:13:18
tls_v2ray,0,2025-07-29 01:13:18
tmv2ray,0,2025-07-29 01:13:18
top_vpn_chanel,0,2025-07-29 01:13:18
topvpn02,0,2025-07-29 01:13:18
torang_vpn,0,2025-07-29 01:13:18
toyota_proxy,0,2025-07-29 01:13:18
toyota_proxyyyy,0,2025-07-29 01:13:18
trand_farsi,0,2025-07-29 01:13:18
tunssh,0,2025-07-29 01:13:18
turboo_server,0,2025-07-29 01:13:18
tv2rayrr,0,2025-07-29 01:13:18
tv_v2ray,0,2025-07-29 01:13:18
u3ervpn,0,2025-07-29 01:13:18
u_confingvpn,0,2025-07-29 01:13:18
ultravpn_v2ray,0,2025-07-29 01:13:18
univstar,0,2025-07-29 01:13:18
unlimiteddev,0,2025-07-29 01:13:18
uraniumvpn,0,2025-07-29 01:13:18
v20reyng,0,2025-07-29 01:13:18
v2_Hub,0,2025-07-29 01:13:18
v2_hub,0,2025-07-29 01:13:18
v2_r_ayng,0,2025-07-29 01:13:18
v2ang,0,2025-07-29 01:13:18
v2aryng_vpn,0,2025-07-29 01:13:18
v2bamdad,0,2025-07-29 01:13:18
v2boxng74,0,2025-07-29 01:13:18
v2dotcom,0,2025-07-29 01:13:18
v2fast100,0,2025-07-29 01:13:18
v2fetch,0,2025-07-29 01:13:18
v2fox_config,0,2025-07-29 01:13:18
v2gng,0,2025-07-29 01:13:18
v2graphy,0,2025-07-29 01:13:18
v2hamid,0,2025-07-29 01:13:18
v2icy,0,2025-07-29 01:13:18
v2line,0,2025-07-29 01:13:18
v2list,0,2025-07-29 01:13:18
v2maxx,0,2025-07-29 01:13:18
v2meowcf,0,2025-07-29 01:13:18
v2mod,0,2025-07-29 01:13:18
v2mystery,0,2025-07-29 01:13:18
v2naptv,0,2025-07-29 01:13:18
v2net_iran,0,2025-07-29 01:13:18
v2org,0,2025-07-29 01:13:18
v2ra2,0,2025-07-29 01:13:18
v2raa_server,0,2025-07-29 01:13:18
v2raand,0,2025-07-29 01:13:18
v2raayngconfig,0,2025-07-29 01:13:18
v2rabot,0,2025-07-29 01:13:18
v2rang_255,0,2025-07-29 01:13:18
v2range,0,2025-07-29 01:13:18
v2rangkanal,0,2025-07-29 01:13:18
v2raxx,0,2025-07-29 01:13:18
v2ray009,0,2025-07-29 01:13:18
v2ray03,0,2025-07-29 01:13:18
v2ray16,0,2025-07-29 01:13:18
v2ray1_ng,0,2025-07-29 01:13:18
v2ray313,0,2025-07-29 01:13:18
v2ray4free,0,2025-07-29 01:13:18
v2ray851403,0,2025-07-29 01:13:18
v2ray8x,0,2025-07-29 01:13:18
v2ray96,0,2025-07-29 01:13:18
v2rayNG_VPN,0,2025-07-29 01:13:18
v2rayNG_VPNN,0,2025-07-29 01:13:18
v2ray_8,0,2025-07-29 01:13:18
v2ray_83,0,2025-07-29 01:13:18
v2ray_alpha,0,2025-07-29 01:13:18
v2ray_best_iran,0,2025-07-29 01:13:18
v2ray_cartel,0,2025-07-29 01:13:18
v2ray_configs_pool,0,2025-07-29 01:13:18
v2ray_custom,0,2025-07-29 01:13:18
v2ray_donya,0,2025-07-29 01:13:18
v2ray_fark,0,2025-07-29 01:13:18
v2ray_fd,0,2025-07-29 01:13:18
v2ray_for_free,0,2025-07-29 01:13:18
v2ray_freedomiran,0,2025-07-29 01:13:18
v2ray_god,0,2025-07-29 01:13:18
v2ray_inter,0,2025-07-29 01:13:18
v2ray_ng,0,2025-07-29 01:13:18
v2ray_nonoal,0,2025-07-29 01:13:18
v2ray_official,0,2025-07-29 01:13:18
v2ray_one1,0,2025-07-29 01:13:18
v2ray_onli,0,2025-07-29 01:13:18
v2ray_outlinee,0,2025-07-29 01:13:18
v2ray_phoenix,0,2025-07-29 01:13:18
v2ray_raha,0,2025-07-29 01:13:18
v2ray_reality_new,0,2025-07-29 01:13:18
v2ray_rh,0,2025-07-29 01:13:18
v2ray_rolly,0,2025-07-29 01:13:18
v2ray_string,0,2025-07-29 01:13:18
v2ray_tunnel_plus,0,2025-07-29 01:13:18
v2ray_txshop,0,2025-07-29 01:13:18
v2ray_ty,0,2025-07-29 01:13:18
v2ray_vme,0,2025-07-29 01:13:18
v2ray_vmes,0,2025-07-29 01:13:18
v2ray_vpnalfa,0,2025-07-29 01:13:18
v2ray_youtube,0,2025-07-29 01:13:18
v2rayan,0,2025-07-29 01:13:18
v2rayargon,0,2025-07-29 01:13:18
v2rayarmy,0,2025-07-29 01:13:18
v2rayaz,0,2025-07-29 01:13:18
v2raybe,0,2025-07-29 01:13:18
v2raybold,0,2025-07-29 01:13:18
v2raybx,0,2025-07-29 01:13:18
v2raycactus,0,2025-07-29 01:13:18
v2raycollectordonate,0,2025-07-29 01:13:18
v2raycrow,0,2025-07-29 01:13:18
v2raycustomize,0,2025-07-29 01:13:18
v2raydiyako,0,2025-07-29 01:13:18
v2rayeservers,0,2025-07-29 01:13:18
v2rayfa,0,2025-07-29 01:13:18
v2rayfast,0,2025-07-29 01:13:18
v2rayfast_7,0,2025-07-29 01:13:18
v2rayfr,0,2025-07-29 01:13:18
v2rayfree,0,2025-07-29 01:13:18
v2rayfree1,0,2025-07-29 01:13:18
v2rayhubvip,0,2025-07-29 01:13:18
v2rayi_net,0,2025-07-29 01:13:18
v2raying,0,2025-07-29 01:13:18
v2rayip1,0,2025-07-29 01:13:18
v2rayir1,0,2025-07-29 01:13:18
v2rayland02,0,2025-07-29 01:13:18
v2rayn_openavpn,0,2025-07-29 01:13:18
v2rayn_red,0,2025-07-29 01:13:18
v2rayn_store,0,2025-07-29 01:13:18
v2rayng110n,0,2025-07-29 01:13:18
v2rayng20000000,0,2025-07-29 01:13:18
v2rayng3,0,2025-07-29 01:13:18
v2rayng8833,0,2025-07-29 01:13:18
v2rayng_81,0,2025-07-29 01:13:18
v2rayng_channel_vpn,0,2025-07-29 01:13:18
v2rayng_fast,0,2025-07-29 01:13:18
v2rayng_ip,0,2025-07-29 01:13:18
v2rayng_lion,0,2025-07-29 01:13:18
v2rayng_my2,0,2025-07-29 01:13:18
v2rayng_nv,0,2025-07-29 01:13:18
v2rayng_ribvar,0,2025-07-29 01:13:18
v2rayng_v,0,2025-07-29 01:13:18
v2rayng_v2_ray,0,2025-07-29 01:13:18
v2rayng_vpn,0,2025-07-29 01:13:18
v2rayng_vpnn,0,2025-07-29 01:13:18
v2rayngchaannel,0,2025-07-29 01:13:18
v2rayngchannelll,0,2025-07-29 01:13:18
v2rayngcloud,0,2025-07-29 01:13:18
v2rayngco0,0,2025-07-29 01:13:18
v2rayngconfiig,0,2025-07-29 01:13:18
v2rayngconfings,0,2025-07-29 01:13:18
v2rayngfast,0,2025-07-29 01:13:18
v2rayngfreee,0,2025-07-29 01:13:18
v2rayngg_iran,0,2025-07-29 01:13:18
v2rayngim,0,2025-07-29 01:13:18
v2rayngmat,0,2025-07-29 01:13:18
v2rayngn,0,2025-07-29 01:13:18
v2rayngninja,0,2025-07-29 01:13:18
v2rayngprivate,0,2025-07-29 01:13:18
v2rayngraisi,0,2025-07-29 01:13:18
v2rayngrit,0,2025-07-29 01:13:18
v2rayngrr13,0,2025-07-29 01:13:18
v2rayngseven,0,2025-07-29 01:13:18
v2rayngte,0,2025-07-29 01:13:18
v2rayngtime,0,2025-07-29 01:13:18
v2rayngup,0,2025-07-29 01:13:18
v2rayngupp,0,2025-07-29 01:13:18
v2rayngvpn_1,0,2025-07-29 01:13:18
v2rayngvpnn,0,2025-07-29 01:13:18
v2rayngvvpn,0,2025-07-29 01:13:18
v2raynplus,0,2025-07-29 01:13:18
v2raynz,0,2025-07-29 01:13:18
v2rayopen,0,2025-07-29 01:13:18
v2raypanelhub,0,2025-07-29 01:13:18
v2rayprooo,0,2025-07-29 01:13:18
v2rayprotocol,0,2025-07-29 01:13:18
v2raysaznv,0,2025-07-29 01:13:18
v2rayshop_m,0,2025-07-29 01:13:18
v2raytg,0,2025-07-29 01:13:18
v2raytork,0,2025-07-29 01:13:18
v2raytz,0,2025-07-29 01:13:18
v2rayvmess,0,2025-07-29 01:13:18
v2rayvpn009,0,2025-07-29 01:13:18
v2rayvpn2,0,2025-07-29 01:13:18
v2rayvpnchannel,0,2025-07-29 01:13:18
v2rayvpnclub,0,2025-07-29 01:13:18
v2rayvpnking0,0,2025-07-29 01:13:18
v2rayweb,0,2025-07-29 01:13:18
v2rayy_ir,0,2025-07-29 01:13:18
v2rayy_vpn13,0,2025-07-29 01:13:18
v2rayyngvpn,0,2025-07-29 01:13:18
v2rayza,0,2025-07-29 01:13:18
v2raz,0,2025-07-29 01:13:18
v2rey_free_for_all,0,2025-07-29 01:13:18
v2reyy,0,2025-07-29 01:13:18
v2rez,0,2025-07-29 01:13:18
v2roay,0,2025-07-29 01:13:18
v2rplus,0,2025-07-29 01:13:18
v2rray1_ng,0,2025-07-29 01:13:18
v2rray_ng,0,2025-07-29 01:13:18
v2ry_proxy,0,2025-07-29 01:13:18
v2ryng01,0,2025-07-29 01:13:18
v2ryorg,0,2025-07-29 01:13:18
v2ryvip,0,2025-07-29 01:13:18
v2safe,0,2025-07-29 01:13:18
v2safee,0,2025-07-29 01:13:18
v2sezar,0,2025-07-29 01:13:18
v2shop2,0,2025-07-29 01:13:18
v2vipchannel,0,2025-07-29 01:13:18
v3410ray,0,2025-07-29 01:13:18
v5ray_ng,0,2025-07-29 01:13:18
v_2ray1,0,2025-07-29 01:13:18
v_2rayngvpn,0,2025-07-29 01:13:18
v_2rey,0,2025-07-29 01:13:18
vboxpanel,0,2025-07-29 01:13:18
vip_free_vpn02,0,2025-07-29 01:13:18
vipnetmeli,0,2025-07-29 01:13:18
vipserverstm,0,2025-07-29 01:13:18
vipufovpn,0,2025-07-29 01:13:18
vipv2rayngnp,0,2025-07-29 01:13:18
vipv2rayngvip,0,2025-07-29 01:13:18
vipv2rayvip,0,2025-07-29 01:13:18
vipv2rey,0,2025-07-29 01:13:18
vipvpn_v2ray,0,2025-07-29 01:13:18
virapn,0,2025-07-29 01:13:18
virav2ray,0,2025-07-29 01:13:18
vistav2ray,0,2025-07-29 01:13:18
vlees_v2rayng,0,2025-07-29 01:13:18
vmess_ir,0,2025-07-29 01:13:18
vmess_iran,0,2025-07-29 01:13:18
vmess_tg,0,2025-07-29 01:13:18
vmesskhodam,0,2025-07-29 01:13:18
vmesskhodam_vip,0,2025-07-29 01:13:18
vmessprotocol,0,2025-07-29 01:13:18
vp22ray,0,2025-07-29 01:13:18
vpidiamond,0,2025-07-29 01:13:18
vplusvpn_free,0,2025-07-29 01:13:18
vpn11_v2,0,2025-07-29 01:13:18
vpn4ir_1,0,2025-07-29 01:13:18
vpn_098,0,2025-07-29 01:13:18
vpn_315,0,2025-07-29 01:13:18
vpn_amo,0,2025-07-29 01:13:18
vpn_arta,0,2025-07-29 01:13:18
vpn_azadi_2024,0,2025-07-29 01:13:18
vpn_bal0uch,0,2025-07-29 01:13:18
vpn_booth,0,2025-07-29 01:13:18
vpn_connect,0,2025-07-29 01:13:18
vpn_famous,0,2025-07-29 01:13:18
vpn_gaming,0,2025-07-29 01:13:18
vpn_gold_free_1,0,2025-07-29 01:13:18
vpn_kanfik,0,2025-07-29 01:13:18
vpn_mafia,0,2025-07-29 01:13:18
vpn_mikey,0,2025-07-29 01:13:18
vpn_nafas,0,2025-07-29 01:13:18
vpn_room,0,2025-07-29 01:13:18
vpn_shop_v1,0,2025-07-29 01:13:18
vpn_storm,0,2025-07-29 01:13:18
vpn_tehran,0,2025-07-29 01:13:18
vpn_v2ra_ng,0,2025-07-29 01:13:18
vpn_v2rang_box,0,2025-07-29 01:13:18
vpn_v2rayng_gap,0,2025-07-29 01:13:18
vpn_v2rayng_iran,0,2025-07-29 01:13:18
vpn_vetiver,0,2025-07-29 01:13:18
vpn_vip_nor,0,2025-07-29 01:13:18
vpn_wedbaz2,0,2025-07-29 01:13:18
vpn_whal,0,2025-07-29 01:13:18
vpn_xw,0,2025-07-29 01:13:18
vpn_zvpn,0,2025-07-29 01:13:18
vpnafra,0,2025-07-29 01:13:18
vpnaiden,0,2025-07-29 01:13:18
vpnandroid2,0,2025-07-29 01:13:18
vpnbigbang,0,2025-07-29 01:13:18
vpnchina,0,2025-07-29 01:13:18
vpnclick,0,2025-07-29 01:13:18
vpncostume,0,2025-07-29 01:13:18
vpncostumer,0,2025-07-29 01:13:18
vpncustomize,0,2025-07-29 01:13:18
vpned,0,2025-07-29 01:13:18
vpnepic,0,2025-07-29 01:13:18
vpnfail_v2ray,0,2025-07-29 01:13:18
vpnfastservice,0,2025-07-29 01:13:18
vpnfree,0,2025-07-29 01:13:18
vpnfreeaccounts,0,2025-07-29 01:13:18
vpnfreeramoo,0,2025-07-29 01:13:18
vpngate_config,0,2025-07-29 01:13:18
vpnhouse_official,0,2025-07-29 01:13:18
vpnhub69,0,2025-07-29 01:13:18
vpnkanfik,0,2025-07-29 01:13:18
vpnkar,0,2025-07-29 01:13:18
vpnkaro,0,2025-07-29 01:13:18
vpnmasi,0,2025-07-29 01:13:18
vpnmk1,0,2025-07-29 01:13:18
vpnowl,0,2025-07-29 01:13:18
vpnpacket,0,2025-07-29 01:13:18
vpnplus100,0,2025-07-29 01:13:18
vpnplusee_free,0,2025-07-29 01:13:18
vpnpopular2023,0,2025-07-29 01:13:18
vpnsal,0,2025-07-29 01:13:18
vpnserver_tel,0,2025-07-29 01:13:18
vpnserverrr,0,2025-07-29 01:13:18
vpnshecan,0,2025-07-29 01:13:18
vpnskyy,0,2025-07-29 01:13:18
vpnsshocean,0,2025-07-29 01:13:18
vpnstorefast,0,2025-07-29 01:13:18
vpntrt,0,2025-07-29 01:13:18
vpntwitt,0,2025-07-29 01:13:18
vpnv2rayonline,0,2025-07-29 01:13:18
vpnv2raytop,0,2025-07-29 01:13:18
vpnvg,0,2025-07-29 01:13:18
vpnwedbaz,0,2025-07-29 01:13:18
vpnwlf,0,2025-07-29 01:13:18
vpnworldone,0,2025-07-29 01:13:18
vpnxyam_ir,0,2025-07-29 01:13:18
vpnyes,0,2025-07-29 01:13:18
vpray3,0,2025-07-29 01:13:18
vtechno_vpn,0,2025-07-29 01:13:18
vtworay_wolf,0,2025-07-29 01:13:18
wancloudfa,0,2025-07-29 01:13:18
warphiddify,0,2025-07-29 01:13:18
wbnet,0,2025-07-29 01:13:18
wbrovers,0,2025-07-29 01:13:18
wearestand,0,2025-07-29 01:13:18
webhube,0,2025-07-29 01:13:18
webovpn,0,2025-07-29 01:13:18
webrovers,0,2025-07-29 01:13:18
webshecan,0,2025-07-29 01:13:18
weepeen,0,2025-07-29 01:13:18
white_servers_turkmenistan,0,2025-07-29 01:13:18
wizyvpn,0,2025-07-29 01:13:18
womanlifefreedom13,0,2025-07-29 01:13:18
womanlifefreedomvpn,0,2025-07-29 01:13:18
world_vmess,0,2025-07-29 01:13:18
wsbvpn,0,2025-07-29 01:13:18
wxgmrjdcc,0,2025-07-29 01:13:18
x4azadi,0,2025-07-29 01:13:18
xiaobaicaifx,0,2025-07-29 01:13:18
xiaoxinv,0,2025-07-29 01:13:18
xiv2ray,0,2025-07-29 01:13:18
xivpn,0,2025-07-29 01:13:18
xnxv2ray,0,2025-07-29 01:13:18
xray_vpn_pro,0,2025-07-29 01:13:18
xrayzxn,0,2025-07-29 01:13:18
xvproxy,0,2025-07-29 01:13:18
yangcun68,0,2025-07-29 01:13:18
yasv2ray,0,2025-07-29 01:13:18
yekoyekvpn,0,2025-07-29 01:13:18
ys_v2ray,0,2025-07-29 01:13:18
ytte3la,0,2025-07-29 01:13:18
yuproxytelegram,0,2025-07-29 01:13:18
yxjnode,0,2025-07-29 01:13:18
zabuza_shop,0,2025-07-29 01:13:18
zar_vpn,0,2025-07-29 01:13:18
zdyz2,0,2025-07-29 01:13:18
zede_filteri,0,2025-07-29 01:13:18
zedmodeonvpn,0,2025-07-29 01:13:18
zedping,0,2025-07-29 01:13:18
zen_cloud,0,2025-07-29 01:13:18
zerobaipiao,0,2025-07-29 01:13:18
zeynabghatee,0,2025-07-29 01:13:18
zibanabz,0,2025-07-29 01:13:18
zilatvpn,0,2025-07-29 01:13:18
zqfxpd,0,2025-07-29 01:13:18
zvpnn,0,2025-07-29 01:13:18
zyfxlnn,0,2025-07-29 01:13:18
t.me/filterkoshi,0,2025-07-29 01:13:18
t.me/MsV2ray,0,2025-07-29 01:13:18
t.me/msv2raynp,0,2025-07-29 01:13:18
t.me/Outline_Vpn,0,2025-07-29 01:13:18
t.me/outlineOpenKey,0,2025-07-29 01:13:18
t.me/ARv2ray,0,2025-07-29 01:13:18
t.me/v2rayng_org,0,2025-07-29 01:13:18
t.me/freeownvpn,0,2025-07-29 01:13:18
t.me/v2rayngvpn,0,2025-07-29 01:13:18
t.me/V_2rayngVpn,0,2025-07-29 01:13:18
t.me/VpnOrgSec,0,2025-07-29 01:13:18
t.me/v2ray_outlineir,0,2025-07-29 01:13:18
t.me/PrivateVPNs,0,2025-07-29 01:13:18
t.me/V2RAY_VMESS_free,0,2025-07-29 01:13:18
t.me/ShadowsocksM,0,2025-07-29 01:13:18
t.me/proxy_mtm,0,2025-07-29 01:13:18
t.me/ShadowSocks_s,0,2025-07-29 01:13:18
t.me/VmessProtocol,0,2025-07-29 01:13:18
t.me/FOX_VPN66,0,2025-07-29 01:13:18
t.me/Awlix_ir,0,2025-07-29 01:13:18
t.me/Configforvpn01,0,2025-07-29 01:13:18
t.me/vpn_ocean,0,2025-07-29 01:13:18
t.me/v2Line,0,2025-07-29 01:13:18
t.me/vpn_Nv1,0,2025-07-29 01:13:18
t.me/vmessiran,0,2025-07-29 01:13:18
t.me/vmessorg,0,2025-07-29 01:13:18
t.me/forwardv2ray,0,2025-07-29 01:13:18
t.me/polproxy,0,2025-07-29 01:13:18
t.me/IRN_VPN,0,2025-07-29 01:13:18
t.me/VPNCUSTOMIZE,0,2025-07-29 01:13:18
t.me/TVCminer,0,2025-07-29 01:13:18
t.me/ServerNett,0,2025-07-29 01:13:18
t.me/v2ray_swhil,0,2025-07-29 01:13:18
t.me/MrV2Ray,0,2025-07-29 01:13:18
t.me/Hope_Net,0,2025-07-29 01:13:18
t.me/MehradLearn,0,2025-07-29 01:13:18
t.me/lrnbymaa,0,2025-07-29 01:13:18
t.me/kingofilter,0,2025-07-29 01:13:18
t.me/Lockey_vpn,0,2025-07-29 01:13:18
t.me/oneclickvpnkeys,0,2025-07-29 01:13:18
t.me/eliya_chiter0,0,2025-07-29 01:13:18
t.me/Qv2rayDONATED,0,2025-07-29 01:13:18
t.me/Shh_Proxy,0,2025-07-29 01:13:18
t.me/v2raycollector,0,2025-07-29 01:13:18
t.me/nufilter,0,2025-07-29 01:13:18
t.me/DarkTeam_VPN,0,2025-07-29 01:13:18
t.me/kiavak,0,2025-07-29 01:13:18
t.me/proxxymeliii,0,2025-07-29 01:13:18
t.me/flyv2ray,0,2025-07-29 01:13:18
t.me/nofiltering2,0,2025-07-29 01:13:18
t.me/mehrosaboran,0,2025-07-29 01:13:18
t.me/Capital_NET,0,2025-07-29 01:13:18
t.me/ShadowProxy66,0,2025-07-29 01:13:18
t.me/v2rayNG_Matsuri,0,2025-07-29 01:13:18
t.me/DailyV2RY,0,2025-07-29 01:13:18
t.me/IBV2RAY,0,2025-07-29 01:13:18
t.me/DirectVPN,0,2025-07-29 01:13:18
t.me/lightning6,0,2025-07-29 01:13:18
t.me/SafeNet_Server,0,2025-07-29 01:13:18
t.me/EuServer,0,2025-07-29 01:13:18
t.me/V2rayCollectorDonate,0,2025-07-29 01:13:18
t.me/mftizi,0,2025-07-29 01:13:18
t.me/v2logy,0,2025-07-29 01:13:18
t.me/V2pedia,0,2025-07-29 01:13:18
t.me/v2rayng_vpnrog,0,2025-07-29 01:13:18
t.me/VlessConfig,0,2025-07-29 01:13:18
t.me/mfbp1,0,2025-07-29 01:13:18
t.me/jiedian_share,0,2025-07-29 01:13:18
t.me/MTProto_666,0,2025-07-29 01:13:18
t.me/v2rayPort,0,2025-07-29 01:13:18
t.me/v2rayyNGvpn,0,2025-07-29 01:13:18
t.me/meli_proxyy,0,2025-07-29 01:13:18
t.me/FreeV2rays,0,2025-07-29 01:13:18
t.me/freeV2rayi,0,2025-07-29 01:13:18
t.me/ProxyV2rayNG1,0,2025-07-29 01:13:18
t.me/freeVPNjd,0,2025-07-29 01:13:18
t.me/yzdspeed,0,2025-07-29 01:13:18
t.me/hkaa0,0,2025-07-29 01:13:18
t.me/ShareCentrePro,0,2025-07-29 01:13:18
t.me/dingyue_Center,0,2025-07-29 01:13:18
t.me/aifenxiang2020,0,2025-07-29 01:13:18
t.me/yaney_01,0,2025-07-29 01:13:18
t.me/mfjdpd,0,2025-07-29 01:13:18
t.me/wxdy666,0,2025-07-29 01:13:18
t.me/dns68,0,2025-07-29 01:13:18
t.me/kxswa,0,2025-07-29 01:13:18
t.me/go4sharing,0,2025-07-29 01:13:18
t.me/baipiaoqun,0,2025-07-29 01:13:18
t.me/freekankan,0,2025-07-29 01:13:18
t.me/freebaipiao,0,2025-07-29 01:13:18
t.me/juzibaipiao,0,2025-07-29 01:13:18
t.me/Alpha_V2rays,0,2025-07-29 01:13:18
t.me/Polproxy,0,2025-07-29 01:13:18
t.me/ConfigsHUB,0,2025-07-29 01:13:18
t.me/vmess_vless_v2rayng,0,2025-07-29 01:13:18
t.me/FalconPolV2rayNG,0,2025-07-29 01:13:18
t.me/UnlimitedDev,0,2025-07-29 01:13:18
t.me/prrofile_purple,0,2025-07-29 01:13:18
t.me/liq_VPN,0,2025-07-29 01:13:18
t.me/LiquidProxy,0,2025-07-29 01:13:18
t.me/Digiv2ray,0,2025-07-29 01:13:18
t.me/DigiV2ray23,0,2025-07-29 01:13:18
t.me/bypass_filter,0,2025-07-29 01:13:18
t.me/RxV2ray,0,2025-07-29 01:13:18
t.me/frev2ray,0,2025-07-29 01:13:18
t.me/melov2ray,0,2025-07-29 01:13:18
t.me/shopingv2ray,0,2025-07-29 01:13:18
t.me/Parsashonam,0,2025-07-29 01:13:18
t.me/ProxyForOpeta,0,2025-07-29 01:13:18
t.me/shh_proxy,0,2025-07-29 01:13:18
t.me/customv2ray,0,2025-07-29 01:13:18
t.me/proxyymeliii,0,2025-07-29 01:13:18
t.me/Outlinev2rayNG,0,2025-07-29 01:13:18
t.me/proxystore11,0,2025-07-29 01:13:18
t.me/proxy_kafee,0,2025-07-29 01:13:18
t.me/V2ray_Alpha,0,2025-07-29 01:13:18
t.me/HELIX_Servers,0,2025-07-29 01:13:18
t.me/free_v2rayyy,0,2025-07-29 01:13:18
t.me/fnet00,0,2025-07-29 01:13:18
t.me/v2pedia,0,2025-07-29 01:13:18
t.me/servermomo,0,2025-07-29 01:13:18
t.me/XsV2ray,0,2025-07-29 01:13:18
t.me/v2_team,0,2025-07-29 01:13:18
t.me/FreakConfig,0,2025-07-29 01:13:18
t.me/free4allVPN,0,2025-07-29 01:13:18
t.me/V2rayngninja,0,2025-07-29 01:13:18
t.me/VPNGate_Channel,0,2025-07-29 01:13:18
t.me/bright_vpn,0,2025-07-29 01:13:18
t.me/MTConfig,0,2025-07-29 01:13:18
t.me/daredevill_404,0,2025-07-29 01:13:18
t.me/Vpn_Tehran,0,2025-07-29 01:13:18
t.me/V2rayNgMat,0,2025-07-29 01:13:18
t.me/Lockey_VPN,0,2025-07-29 01:13:18
t.me/hopev2ray,0,2025-07-29 01:13:18
t.me/vless_new,0,2025-07-29 01:13:18
t.me/vpn_ioss,0,2025-07-29 01:13:18
t.me/V2ray1_Ng,0,2025-07-29 01:13:18
t.me/Funza,0,2025-07-29 01:13:18
t.me/V2RayTz,0,2025-07-29 01:13:18
t.me/V2rayng_Fast,0,2025-07-29 01:13:18
t.me/fastvpnorummobile,0,2025-07-29 01:13:18
t.me/v2_fast,0,2025-07-29 01:13:18
t.me/SaveProxy,0,2025-07-29 01:13:18
V2rayNGX,0,2025-07-29 01:13:18
V2rayNGzendegimamad,0,2025-07-29 01:13:18
V2rayprotocol,0,2025-07-29 01:13:18
V2raythekyo,0,2025-07-29 01:13:18
V2rex,0,2025-07-29 01:13:18
V2ry_proxy,0,2025-07-29 01:13:18
V2source,0,2025-07-29 01:13:18
ae_proxy,0,2025-07-29 01:13:18
alfa_v2ray_ng,0,2025-07-29 01:13:18
amirw_shop_q,0,2025-07-29 01:13:18
anty_vpn,0,2025-07-29 01:13:18
ata_connect,0,2025-07-29 01:13:18
awlix_ir,0,2025-07-29 01:13:18
aymh19,0,2025-07-29 01:13:18
azadiiivpn,0,2025-07-29 01:13:18
azadnett1,0,2025-07-29 01:13:18
azarbayjab1,0,2025-07-29 01:13:18
banv2ray,0,2025-07-29 01:13:18
baraye_azadi_info,0,2025-07-29 01:13:18
befreewithus,0,2025-07-29 01:13:18
config_green,0,2025-07-29 01:13:18
configasli,0,2025-07-29 01:13:18
configfree_1,0,2025-07-29 01:13:18
configrayegan,0,2025-07-29 01:13:18
configv2rayngvpn,0,2025-07-29 01:13:18
configx2ray,0,2025-07-29 01:13:18
confing_chanel,0,2025-07-29 01:13:18
connectbemon,0,2025-07-29 01:13:18
darkline_vpn,0,2025-07-29 01:13:18
do_itforyou,0,2025-07-29 01:13:18
drakvpn,0,2025-07-29 01:13:18
empirevpn7,0,2025-07-29 01:13:18
entrynet,0,2025-07-29 01:13:18
farah_vpn,0,2025-07-29 01:13:18
fastshovpn,0,2025-07-29 01:13:18
fhkllvjkll,0,2025-07-29 01:13:18
filter_breaker,0,2025-07-29 01:13:18
filterk0sh,0,2025-07-29 01:13:18
free_outline_keys,0,2025-07-29 01:13:18
freevirgoolnet,0,2025-07-29 01:13:18
g0dv2ray,0,2025-07-29 01:13:18
garnet_free,0,2025-07-29 01:13:18
gozargah_azadi,0,2025-07-29 01:13:18
hibyevpnn,0,2025-07-29 01:13:18
hiddify_nexttt,0,2025-07-29 01:13:18
http_injector99,0,2025-07-29 01:13:18
inikotesla,0,2025-07-29 01:13:18
injastvpn,0,2025-07-29 01:13:18
ios_v2,0,2025-07-29 01:13:18
iraniv2ray_config,0,2025-07-29 01:13:18
iranvpnet,0,2025-07-29 01:13:18
irlast,0,2025-07-29 01:13:18
itenvpn,0,2025-07-29 01:13:18
karingvpn,0,2025-07-29 01:13:18
king_v2raay,0,2025-07-29 01:13:18
lexernet,0,2025-07-29 01:13:18
lightningvpn_org,0,2025-07-29 01:13:18
luckyvpn,0,2025-07-29 01:13:18
mahdi2000_m,0,2025-07-29 01:13:18
manzariyeh_rasht,0,2025-07-29 01:13:18
masterserver1,0,2025-07-29 01:13:18
melliwnet,0,2025-07-29 01:13:18
moneyseae,0,2025-07-29 01:13:18
mux_vpn,0,2025-07-29 01:13:18
namiranet,0,2025-07-29 01:13:18
narcod_ping,0,2025-07-29 01:13:18
narenjvpn,0,2025-07-29 01:13:18
noforcedheaven,0,2025-07-29 01:13:18
orange_vpns,0,2025-07-29 01:13:18
prime_verse,0,2025-07-29 01:13:18
prong1,0,2025-07-29 01:13:18
prooxyk,0,2025-07-29 01:13:18
proxy_v2ray_meli,0,2025-07-29 01:13:18
proxygodratmand,0,2025-07-29 01:13:18
pruoxyi,0,2025-07-29 01:13:18
safenet_server,0,2025-07-29 01:13:18
saghivpnx,0,2025-07-29 01:13:18
siigmavpn,0,2025-07-29 01:13:18
sobyv2ray,0,2025-07-29 01:13:18
sockss_http,0,2025-07-29 01:13:18
specxtech,0,2025-07-29 01:13:18
ssrsub,0,2025-07-29 01:13:18
summertimeus,0,2025-07-29 01:13:18
teslaateam,0,2025-07-29 01:13:18
thefreedomvpn,0,2025-07-29 01:13:18
tinynetvpn,0,2025-07-29 01:13:18
tokavpn,0,2025-07-29 01:13:18
tondroconfig,0,2025-07-29 01:13:18
toxicvid,0,2025-07-29 01:13:18
uciranir,0,2025-07-29 01:13:18
unblocker_vpn,0,2025-07-29 01:13:18
v2aray_v2,0,2025-07-29 01:13:18
v2gama,0,2025-07-29 01:13:18
v2ngfast,0,2025-07-29 01:13:18
v2proxfree,0,2025-07-29 01:13:18
v2ray_6,0,2025-07-29 01:13:18
v2raybluecrystal,0,2025-07-29 01:13:18
v2rayfree_irr,0,2025-07-29 01:13:18
v2rayi5,0,2025-07-29 01:13:18
v2rayn5,0,2025-07-29 01:13:18
v2rayng954,0,2025-07-29 01:13:18
v2rayng_1378,0,2025-07-29 01:13:18
v2rayngcustom,0,2025-07-29 01:13:18
v2rayngv,0,2025-07-29 01:13:18
varn_net,0,2025-07-29 01:13:18
vipfastspeed,0,2025-07-29 01:13:18
vless_config,0,2025-07-29 01:13:18
vpfreen,0,2025-07-29 01:13:18
vpn707,0,2025-07-29 01:13:18
proxifly,0,2025-07-29 01:13:18
fresh_proxy,0,2025-07-29 01:13:18
freenode,0,2025-07-29 01:13:18
openproxy,0,2025-07-29 01:13:18
x_v2ray,0,2025-07-29 01:13:18
group:v2ray_free_group,0,2025-07-29 01:13:18
